{"is_source_file": true, "format": "md", "description": ".md file: README.md", "external_files": [], "external_methods": [], "published": [], "classes": [], "methods": [], "calls": [], "search-terms": ["README.md", "md"], "state": 2, "filename": "README.md", "format-version": 4, "code-base-name": "https://github.com/kavia-common/simple-todo-manager-6322-6345.git:kavia-main", "knowledge_revision": 3, "git_revision": "e1033970cf6e7b7bbaccc9f5e83f5eeaa2a4228c", "revision_history": [{"3": "e1033970cf6e7b7bbaccc9f5e83f5eeaa2a4228c"}]}